Elford_SirWm	historical_people	Letter to B.R. Haydon, 31 October 1821).	Johnson_Mr	historical_people
Elford_SirWm	historical_people	Letter to B.R. Haydon, 31 October 1821).	Jesus	historical_people
Elford_SirWm	historical_people	Letter to B.R. Haydon, 31 October 1821).	Mitford_Geo	historical_people
Elford_SirWm	historical_people	Letter to B.R. Haydon, 31 October 1821).	Wordsworth_Wm	historical_people
Elford_SirWm	historical_people	Letter to B.R. Haydon, 31 October 1821).	Milton	historical_people
Elford_SirWm	historical_people	Letter to B.R. Haydon, 31 October 1821).	Scott_Wal	historical_people
Elford_SirWm	historical_people	Letter to B.R. Haydon, 31 October 1821).	Wellington_Duke	historical_people
Elford_SirWm	historical_people	Letter to B.R. Haydon, 31 October 1821).	Dickinson_Mrs	historical_people
Elford_SirWm	historical_people	Letter to B.R. Haydon, 31 October 1821).	MRM	historical_people
Johnson_Mr	historical_people	Letter to B.R. Haydon, 31 October 1821).	Elford_SirWm	historical_people
Johnson_Mr	historical_people	Letter to B.R. Haydon, 31 October 1821).	Jesus	historical_people
Johnson_Mr	historical_people	Letter to B.R. Haydon, 31 October 1821).	Mitford_Geo	historical_people
Johnson_Mr	historical_people	Letter to B.R. Haydon, 31 October 1821).	Wordsworth_Wm	historical_people
Johnson_Mr	historical_people	Letter to B.R. Haydon, 31 October 1821).	Milton	historical_people
Johnson_Mr	historical_people	Letter to B.R. Haydon, 31 October 1821).	Scott_Wal	historical_people
Johnson_Mr	historical_people	Letter to B.R. Haydon, 31 October 1821).	Wellington_Duke	historical_people
Johnson_Mr	historical_people	Letter to B.R. Haydon, 31 October 1821).	Dickinson_Mrs	historical_people
Johnson_Mr	historical_people	Letter to B.R. Haydon, 31 October 1821).	MRM	historical_people
Jesus	historical_people	Letter to B.R. Haydon, 31 October 1821).	Elford_SirWm	historical_people
Jesus	historical_people	Letter to B.R. Haydon, 31 October 1821).	Johnson_Mr	historical_people
Jesus	historical_people	Letter to B.R. Haydon, 31 October 1821).	Mitford_Geo	historical_people
Jesus	historical_people	Letter to B.R. Haydon, 31 October 1821).	Wordsworth_Wm	historical_people
Jesus	historical_people	Letter to B.R. Haydon, 31 October 1821).	Milton	historical_people
Jesus	historical_people	Letter to B.R. Haydon, 31 October 1821).	Scott_Wal	historical_people
Jesus	historical_people	Letter to B.R. Haydon, 31 October 1821).	Wellington_Duke	historical_people
Jesus	historical_people	Letter to B.R. Haydon, 31 October 1821).	Dickinson_Mrs	historical_people
Jesus	historical_people	Letter to B.R. Haydon, 31 October 1821).	MRM	historical_people
Mitford_Geo	historical_people	Letter to B.R. Haydon, 31 October 1821).	Elford_SirWm	historical_people
Mitford_Geo	historical_people	Letter to B.R. Haydon, 31 October 1821).	Johnson_Mr	historical_people
Mitford_Geo	historical_people	Letter to B.R. Haydon, 31 October 1821).	Jesus	historical_people
Mitford_Geo	historical_people	Letter to B.R. Haydon, 31 October 1821).	Wordsworth_Wm	historical_people
Mitford_Geo	historical_people	Letter to B.R. Haydon, 31 October 1821).	Milton	historical_people
Mitford_Geo	historical_people	Letter to B.R. Haydon, 31 October 1821).	Scott_Wal	historical_people
Mitford_Geo	historical_people	Letter to B.R. Haydon, 31 October 1821).	Wellington_Duke	historical_people
Mitford_Geo	historical_people	Letter to B.R. Haydon, 31 October 1821).	Dickinson_Mrs	historical_people
Mitford_Geo	historical_people	Letter to B.R. Haydon, 31 October 1821).	MRM	historical_people
Wordsworth_Wm	historical_people	Letter to B.R. Haydon, 31 October 1821).	Elford_SirWm	historical_people
Wordsworth_Wm	historical_people	Letter to B.R. Haydon, 31 October 1821).	Johnson_Mr	historical_people
Wordsworth_Wm	historical_people	Letter to B.R. Haydon, 31 October 1821).	Jesus	historical_people
Wordsworth_Wm	historical_people	Letter to B.R. Haydon, 31 October 1821).	Mitford_Geo	historical_people
Wordsworth_Wm	historical_people	Letter to B.R. Haydon, 31 October 1821).	Milton	historical_people
Wordsworth_Wm	historical_people	Letter to B.R. Haydon, 31 October 1821).	Scott_Wal	historical_people
Wordsworth_Wm	historical_people	Letter to B.R. Haydon, 31 October 1821).	Wellington_Duke	historical_people
Wordsworth_Wm	historical_people	Letter to B.R. Haydon, 31 October 1821).	Dickinson_Mrs	historical_people
Wordsworth_Wm	historical_people	Letter to B.R. Haydon, 31 October 1821).	MRM	historical_people
Milton	historical_people	Letter to B.R. Haydon, 31 October 1821).	Elford_SirWm	historical_people
Milton	historical_people	Letter to B.R. Haydon, 31 October 1821).	Johnson_Mr	historical_people
Milton	historical_people	Letter to B.R. Haydon, 31 October 1821).	Jesus	historical_people
Milton	historical_people	Letter to B.R. Haydon, 31 October 1821).	Mitford_Geo	historical_people
Milton	historical_people	Letter to B.R. Haydon, 31 October 1821).	Wordsworth_Wm	historical_people
Milton	historical_people	Letter to B.R. Haydon, 31 October 1821).	Scott_Wal	historical_people
Milton	historical_people	Letter to B.R. Haydon, 31 October 1821).	Wellington_Duke	historical_people
Milton	historical_people	Letter to B.R. Haydon, 31 October 1821).	Dickinson_Mrs	historical_people
Milton	historical_people	Letter to B.R. Haydon, 31 October 1821).	MRM	historical_people
Scott_Wal	historical_people	Letter to B.R. Haydon, 31 October 1821).	Elford_SirWm	historical_people
Scott_Wal	historical_people	Letter to B.R. Haydon, 31 October 1821).	Johnson_Mr	historical_people
Scott_Wal	historical_people	Letter to B.R. Haydon, 31 October 1821).	Jesus	historical_people
Scott_Wal	historical_people	Letter to B.R. Haydon, 31 October 1821).	Mitford_Geo	historical_people
Scott_Wal	historical_people	Letter to B.R. Haydon, 31 October 1821).	Wordsworth_Wm	historical_people
Scott_Wal	historical_people	Letter to B.R. Haydon, 31 October 1821).	Milton	historical_people
Scott_Wal	historical_people	Letter to B.R. Haydon, 31 October 1821).	Wellington_Duke	historical_people
Scott_Wal	historical_people	Letter to B.R. Haydon, 31 October 1821).	Dickinson_Mrs	historical_people
Scott_Wal	historical_people	Letter to B.R. Haydon, 31 October 1821).	MRM	historical_people
Wellington_Duke	historical_people	Letter to B.R. Haydon, 31 October 1821).	Elford_SirWm	historical_people
Wellington_Duke	historical_people	Letter to B.R. Haydon, 31 October 1821).	Johnson_Mr	historical_people
Wellington_Duke	historical_people	Letter to B.R. Haydon, 31 October 1821).	Jesus	historical_people
Wellington_Duke	historical_people	Letter to B.R. Haydon, 31 October 1821).	Mitford_Geo	historical_people
Wellington_Duke	historical_people	Letter to B.R. Haydon, 31 October 1821).	Wordsworth_Wm	historical_people
Wellington_Duke	historical_people	Letter to B.R. Haydon, 31 October 1821).	Milton	historical_people
Wellington_Duke	historical_people	Letter to B.R. Haydon, 31 October 1821).	Scott_Wal	historical_people
Wellington_Duke	historical_people	Letter to B.R. Haydon, 31 October 1821).	Dickinson_Mrs	historical_people
Wellington_Duke	historical_people	Letter to B.R. Haydon, 31 October 1821).	MRM	historical_people
Dickinson_Mrs	historical_people	Letter to B.R. Haydon, 31 October 1821).	Elford_SirWm	historical_people
Dickinson_Mrs	historical_people	Letter to B.R. Haydon, 31 October 1821).	Johnson_Mr	historical_people
Dickinson_Mrs	historical_people	Letter to B.R. Haydon, 31 October 1821).	Jesus	historical_people
Dickinson_Mrs	historical_people	Letter to B.R. Haydon, 31 October 1821).	Mitford_Geo	historical_people
Dickinson_Mrs	historical_people	Letter to B.R. Haydon, 31 October 1821).	Wordsworth_Wm	historical_people
Dickinson_Mrs	historical_people	Letter to B.R. Haydon, 31 October 1821).	Milton	historical_people
Dickinson_Mrs	historical_people	Letter to B.R. Haydon, 31 October 1821).	Scott_Wal	historical_people
Dickinson_Mrs	historical_people	Letter to B.R. Haydon, 31 October 1821).	Wellington_Duke	historical_people
Dickinson_Mrs	historical_people	Letter to B.R. Haydon, 31 October 1821).	MRM	historical_people
MRM	historical_people	Letter to B.R. Haydon, 31 October 1821).	Elford_SirWm	historical_people
MRM	historical_people	Letter to B.R. Haydon, 31 October 1821).	Johnson_Mr	historical_people
MRM	historical_people	Letter to B.R. Haydon, 31 October 1821).	Jesus	historical_people
MRM	historical_people	Letter to B.R. Haydon, 31 October 1821).	Mitford_Geo	historical_people
MRM	historical_people	Letter to B.R. Haydon, 31 October 1821).	Wordsworth_Wm	historical_people
MRM	historical_people	Letter to B.R. Haydon, 31 October 1821).	Milton	historical_people
MRM	historical_people	Letter to B.R. Haydon, 31 October 1821).	Scott_Wal	historical_people
MRM	historical_people	Letter to B.R. Haydon, 31 October 1821).	Wellington_Duke	historical_people
MRM	historical_people	Letter to B.R. Haydon, 31 October 1821).	Dickinson_Mrs	historical_people